folder_id,folder_name
1,00001
2,00002
3,00003
4,00004
5,00005
6,00006
7,00007
8,00008
9,00009
10,00010
11,00011
12,00012
13,00013
14,00014
15,00015
16,00016
17,00017
18,00018
19,00019
20,00020
21,00021
22,00022
23,00023
24,00024
25,00025
26,00026
27,00027
28,00028
29,00029
30,00030
31,00031
32,00032
33,00033
34,00034
35,00035
36,00036
37,00037
38,00038
39,00039
40,00040
41,00041
42,00042
43,00043
44,00044
45,00045
46,00046
47,00047
48,00048
49,00049
50,00050
51,00051
52,00052
53,00053
54,00054
55,00055
56,00056
57,00057
58,00058
59,00059
60,00060
61,00061
62,00062
63,00063
64,00064
65,00065
66,00066
67,00067
68,00068
69,00069
70,00070
71,00071
72,00072
73,00073
74,00074
75,00075
76,00076
77,00077
78,00078
79,00079
80,00080
81,00081
82,00082
83,00083
84,00084
85,00085
86,00086
87,00087
88,00088
89,00089
90,00090
91,00091
92,00092
93,00093
94,00094
95,00095
96,00096
97,00097
98,00098
99,00099
100,00100
101,00101
102,00102
103,00103
104,00104
105,00105
106,00106
107,00107
108,00108
109,00109
110,00110
111,00111
112,00112
113,00113
114,00114
115,00115
116,00116
117,00117
118,00118
119,00119
120,00120
121,00121
122,00122
123,00123
124,00124
125,00125
126,00126
127,00127
128,00128
129,00129
130,00130
131,00131
132,00132
133,00133
134,00134
135,00135
136,00136
137,00137
138,00138
139,00139
140,00140
141,00141
142,00142
143,00143
144,00144
145,00145
146,00146
147,00147
148,00148
149,00149
150,00150
151,00151
152,00152
153,00153
154,00154
155,00155
156,00156
157,00157
158,00158
159,00159
160,00160
161,00161
162,00162
163,00163
164,00164
165,00165
166,00166
167,00167
168,00168
169,00169
170,00170
171,00171
172,00172
173,00173
174,00174
175,00175
176,00176
177,00177
178,00178
179,00179
180,00180
181,00181
182,00182
183,00183
184,00184
185,00185
186,00186
187,00187
188,00188
189,00189
190,00190
191,00191
192,00192
193,00193
194,00194
195,00195
196,00196
197,00197
198,00198
199,00199
200,00200
201,00201
202,00202
203,00203
204,00204
205,00205
206,00206
207,00207
208,00208
209,00209
210,00210
211,00211
212,00212
213,00213
214,00214
215,00215
216,00216
217,00217
218,00218
219,00219
220,00220
221,00221
222,00222
223,00223
224,00224
225,00225
226,00226
227,00227
228,00228
229,00229
230,00230
231,00231
232,00232
233,00233
234,00234
235,00235
236,00236
237,00237
238,00238
239,00239
240,00240
241,00241
242,00242
243,00243
244,00244
245,00245
246,00246
247,00247
248,00248
249,00249
250,00250
251,00251
252,00252
253,00253
254,00254
255,00255
256,00256
257,00257
258,00258
259,00259
260,00260
261,00261
262,00262
263,00263
264,00264
265,00265
266,00266
267,00267
268,00268
269,00269
270,00270
271,00271
272,00272
273,00273
274,00274
275,00275
276,00276
277,00277
278,00278
279,00279
280,00280
281,00281
282,00282
283,00283
284,00284
285,00285
286,00286
287,00287
288,00288
289,00289
290,00290
291,00291
292,00292
293,00293
294,00294
295,00295
296,00296
297,00297
298,00298
299,00299
300,00300
301,00301
302,00302
303,00303
304,00304
305,00305
306,00306
307,00307
308,00308
309,00309
310,00310
311,00311
312,00312
313,00313
314,00314
315,00315
316,00316
317,00317
318,00318
319,00319
320,00320
321,00321
322,00322
323,00323
324,00324
325,00325
326,00326
327,00327
328,00328
329,00329
330,00330
331,00331
332,00332
333,00333
334,00334
335,00335
336,00336
337,00337
338,00338
339,00339
340,00340
